{"cameraMode":{"drawMode":0,"name":"Shaded","section":"Shading Mode"},"sceneLighting":false,"audioPlay":false,"sceneViewState":{"showFog":true,"showMaterialUpdate":false,"showSkybox":true,"showFlares":true,"showImageEffects":true,"showParticleSystems":true},"in2DMode":false,"pivot":{"x":-14.894432067871094,"y":-2.5895614624023439,"z":-6.7308197021484379},"rotation":{"x":-0.13429395854473115,"y":0.8550521731376648,"z":-0.4193846583366394,"w":-0.2738020420074463},"size":22.0,"orthographic":false}